tweet_id,predicted_sentiment
569393942296432640,negative
569906183487643648,negative
568494397144358914,positive
569609971383586817,negative
569682062787149824,neutral
569680835894497280,neutral
569589454194790400,neutral
569632594221867008,positive
569566232803803136,negative
569697646501363713,negative
570192105752039427,neutral
569250469178175488,positive
570058070224728064,negative
569239293429833728,negative
568129940371214336,negative
568834851517771776,negative
570217971815211008,positive
569148114193530881,positive
567935527481188352,neutral
569940582572945409,negative
567792433687175168,negative
569766247715319808,negative
567995970232795136,neutral
569592148338876416,negative
569665193266909184,negative
570079030029848579,negative
569942287318458369,positive
569757790626906112,positive
569200983173156864,negative
569956201934385152,negative
569745528382038016,negative
569551241967067136,negative
569945386569363456,neutral
569928989231353857,positive
569432100652384256,negative
569491346647445505,neutral
570279050276704257,positive
568024213753364480,negative
569967841727942657,neutral
570303399276761088,positive
569899502355681280,negative
567927503718731777,negative
567788341538861056,negative
568134211493695488,positive
568429798604857344,negative
569669795559432192,negative
568185323668291584,neutral
569894828315533312,negative
569648229295329280,positive
568492370821562368,neutral
570309340952993796,neutral
569232221397065728,negative
569431884217909248,negative
567854566122864640,positive
569251925482475520,negative
570016198747758593,positive
569621527911485440,negative
569218838190907393,positive
569894983265710081,positive
567909745211879424,negative
570062210640322560,neutral
570084632999428096,negative
569591136534319105,negative
569938799397990401,negative
567845382102859777,negative
568788652995833856,negative
569623961224351744,negative
569332152065593345,positive
568225166527991808,neutral
570045393565691904,positive
568639242483556352,negative
568775146703589376,negative
568440527328120832,neutral
568234955672694784,negative
569747702981853185,negative
568121964444950529,positive
569858012967542786,negative
567733228690083841,negative
569684433218875392,negative
569681831039074306,negative
568881812174299137,negative
569935692161134592,neutral
569779173461336065,negative
569777772115193856,positive
568930588868141056,negative
569618309357940737,negative
570009228867293185,negative
569981015378112512,negative
568108322924191744,neutral
569752691460706304,positive
569372340309651457,negative
569206387483525120,neutral
567729241312489472,positive
570082564502728704,negative
569633484333051904,negative
568109390026448896,neutral
570202097041305600,negative
570002269577441280,negative
568483773467262976,positive
570267956648792064,positive
569905936980185088,neutral
569695695868817410,negative
569950450352414720,neutral
568460395544862720,neutral
567789435795861504,negative
569763359278505984,neutral
569553488885243904,negative
570252528245456897,neutral
567816651900583936,negative
569613601918492672,neutral
569627346166284288,negative
568720333634609153,negative
569697662494121984,positive
569942903683813376,positive
567754367860633600,neutral
568110846057975808,neutral
569673346864037888,positive
570182054987505664,negative
570077011324096514,neutral
568290894992039936,positive
569114030268424192,negative
568843160224452608,positive
568187959276646401,neutral
569631847547867136,negative
569132310110588928,neutral
568935636318552064,positive
568502021390786561,neutral
569516908195815425,positive
568785762218610690,negative
568216411404808192,negative
569922853266694145,negative
567752625647394816,negative
569367755670966272,neutral
569626297116176384,negative
569662132582621184,neutral
569663687222542336,negative
569714541178679296,positive
569646045656948737,negative
569165102307545088,neutral
569472029717610496,negative
567781731156377600,negative
570212246053220352,neutral
569597962659110913,neutral
567784566614540289,neutral
570289085354541058,negative
568870342443184128,negative
569006176186183680,negative
568276831134191618,negative
567726949049454592,negative
569997258772455424,neutral
568167414493532161,positive
568341364951388160,negative
569596652622721024,negative
568594708177555457,negative
568140628959358976,neutral
568469645843279872,positive
568804534845345792,neutral
569673275183386625,neutral
569643184067727361,neutral
569504866260930560,negative
570213783085432832,negative
569437674257276930,negative
569713890138963968,negative
568796113081376768,negative
569725892324253696,negative
570279787287093248,neutral
567918545046081537,positive
568052101504372737,positive
568027403462651905,positive
570000760035024896,positive
568829852721106944,negative
570017458742030336,negative
568625749214642176,negative
569274600196075520,negative
569595309279440896,negative
569682277111889920,negative
568104907384832000,neutral
568380749495164929,neutral
570068045500194816,neutral
568233965800304640,positive
569895817403768833,negative
569257918815539200,negative
570217760430493698,neutral
568607562251108352,positive
568425421240455168,neutral
569418497694035969,negative
570052879643381760,positive
568904684561408000,neutral
568502210268692480,negative
569672099704508416,negative
569667075280498688,positive
570050268588597248,neutral
567813839539159040,negative
568968059517411329,negative
569972422130032640,negative
567805001050890240,negative
570031211336368128,positive
569667918557900800,negative
568906726906335234,positive
569654988877668354,negative
570270651996463104,neutral
570203943671865345,negative
568964227366387713,positive
569980358206361601,negative
570049743549833216,neutral
568587821264609280,negative
568655789247762432,negative
569524284873424896,positive
568101606585020416,positive
569367983065137152,neutral
569483885404413952,negative
567807844687577089,positive
570018278946394112,neutral
568045949999661058,positive
570290730796777473,negative
568865640569806848,negative
569667955727818752,positive
567954287185125377,neutral
569745303794024448,negative
570177697814425600,neutral
569346420139905024,negative
569961503308189696,neutral
569483821080453121,negative
569397314240049152,negative
570287238145290240,neutral
568977696786673664,positive
568970172062691328,negative
569540173408698369,negative
568004004183203840,negative
569890651107491840,neutral
568572506300243968,positive
567860107960324096,negative
569691767953436674,negative
569093984640995328,negative
568569324245532672,negative
568457549973987328,negative
568440930593697792,negative
568443742610305024,neutral
569556796525969409,negative
570293494444634114,neutral
569541291467522048,negative
569997196298293249,negative
570226870119215104,positive
568782761852596225,neutral
570008958691364864,positive
570268646544510976,negative
568856846523502594,negative
569959182729785344,negative
567729658276237312,negative
568803013487276033,neutral
569967493487292416,negative
569341641200439296,neutral
570299252141903873,positive
569120452586700800,neutral
568108909480824832,neutral
568585196699664384,negative
568566512308523008,neutral
567840122454052864,positive
570088600949411840,negative
570194709261488129,positive
569170176165478401,negative
569716857869107200,negative
568231586585550848,positive
568672781979619328,positive
568555130624217089,negative
569854540494868481,neutral
569711632991047680,negative
569601363799359488,negative
568573889359556608,positive
567782895306412032,negative
569921467552567296,neutral
569701122899775488,negative
569862449559527426,negative
568089179520954368,positive
569740316577632256,negative
569942703494070272,neutral
569615983205347329,positive
569621228048089088,negative
569685186495057920,negative
567843845247016960,positive
569614361574158336,negative
570175858469515264,negative
569239947061927938,positive
568831798857195520,negative
568211991757770752,positive
570065109420101633,negative
568526136017342464,neutral
568052343922507776,neutral
570184073139912704,negative
570040162840907776,positive
567953560362733568,negative
568438759466934272,neutral
570020023630057472,neutral
567771635139502080,negative
568008802865274880,positive
569659137581326336,negative
568649837610037248,negative
570199267668676609,negative
568894021688434690,neutral
569173103009525760,positive
568269372151734273,positive
568832682269888512,positive
568830466830151680,positive
570264306350227456,positive
569766662024630272,neutral
569632379326869504,negative
567770910107897856,negative
569494958006263809,neutral
569616490380439552,positive
569310448300003328,negative
570011341483843584,neutral
570298018685165568,neutral
567875922906456064,neutral
569380376709238784,neutral
570027786053636096,negative
568616603568492544,negative
567728227465310208,neutral
568115014139162625,negative
569017631602139137,negative
569484458744807425,negative
568891233386561537,neutral
567884863031762945,positive
569615109363929088,negative
569962905493315585,neutral
570101746590093312,negative
570030715900792832,neutral
570078556711026688,neutral
568203174198284288,neutral
567831160978677760,negative
568548629973209089,negative
569558986665537537,negative
569864290578108419,negative
570070485653786624,negative
568823099182985216,positive
568871330495406080,positive
569961695835267073,positive
569664668010225664,negative
567801567630618624,negative
570247763704868864,negative
568416602728890370,neutral
570276018751016960,negative
567741202884075520,neutral
567878436909228033,positive
569764668366938112,negative
569906378233356290,neutral
568191101087019008,negative
569945073611374592,neutral
569928277613256704,negative
567724943375626240,neutral
567771225104338944,negative
568056298937430016,negative
569620438734807042,neutral
568199579201605632,negative
569558114447560706,negative
570303383782989824,neutral
569538703732772864,negative
568397325820956672,positive
568112409841238016,negative
569352324700708864,negative
569562867281690625,neutral
570121689503301632,neutral
568231742449922049,positive
568567255291703298,positive
569621883282280448,positive
570085589011148801,neutral
569893924942299136,neutral
569521778797744128,positive
570236138603950080,negative
569296792426295297,neutral
570291431195205633,negative
568125472527097856,neutral
570261289420898305,positive
570285465145876480,negative
569589028590391298,negative
570275248052039680,negative
569743129928028160,negative
570000101654925312,neutral
570068466717237249,positive
569720084484083712,positive
568862460519813120,neutral
568115611814858752,negative
567688411289755648,negative
569153071093297152,negative
569854312702201856,negative
567799968279560194,negative
569974772551032832,negative
569117696610185217,negative
569986344484794369,negative
569664265218600960,negative
569690347183480832,negative
568511969335984128,negative
568509343047352322,neutral
570298744723415040,positive
569134299024367616,negative
569964493066919936,neutral
569459269394956288,negative
569313126342123520,negative
567759012806029312,positive
569907773309214721,negative
567778149132664833,positive
567861901603901440,negative
568604899870711808,neutral
568802232004513792,negative
570003828658950145,positive
569911816937033728,negative
568100858954522625,negative
569672091550658560,negative
570276414567493633,negative
569984773365612544,neutral
568189372362674176,negative
569863166189924352,positive
568633361595412481,positive
567810661372424193,negative
569864108134301697,negative
569938945871626240,negative
569556500928188416,negative
570199572435185664,neutral
569727628766281728,negative
568918313239064576,neutral
568171538324840449,negative
569687410969321472,negative
569703641096933377,negative
570017867342725121,negative
568188595456118785,positive
570256052966395906,neutral
569642526065471488,neutral
570280641771790336,neutral
568470266793340929,neutral
569769214388473857,negative
568813356296982528,negative
569011048843313153,negative
569191875271372801,negative
569698145703043072,negative
568278516309090304,neutral
568175323470290944,positive
567999609248858112,neutral
569555517502300160,negative
569801303204851713,negative
570002186991763457,negative
570286565894828032,negative
569010309085536257,negative
569499262855331840,neutral
569978298765344769,negative
570198775203016704,negative
567947508208377858,positive
568107816923340800,negative
569558096613380098,negative
567866673325285376,negative
568890960358166528,positive
570173090774294528,negative
569660864653099009,negative
569688392553799680,neutral
569596515510956032,negative
569673764562010112,negative
568593365601820672,positive
568807901608828928,negative
569134718396051456,positive
569658322732756992,neutral
569683278715883523,negative
568566331169247232,neutral
569413676337274880,negative
570024174162485251,negative
567727599627943936,negative
569671332092252160,negative
569587242672398336,neutral
567767997981671424,negative
567823967555178496,neutral
569650294746820609,negative
569699171868938241,negative
568811069575204864,negative
569931753768382464,negative
569724056645140480,negative
568118361701265408,negative
570275536406253568,neutral
569579153604743171,negative
569826411206316032,negative
570273819287531520,positive
570232671353376769,negative
569596089625661440,positive
568077470085341184,negative
569528105557053442,negative
570272235639828480,negative
569620202045841408,negative
569815968194678784,neutral
569802676914909184,negative
569576236541825024,negative
568868305697525761,positive
569941957490774016,positive
569204272795004928,neutral
569479404428120064,positive
570187080426397696,negative
570305051819941889,neutral
568451916319096832,neutral
570026470741032961,negative
568568690381168640,neutral
570101194678517761,negative
569119503516246016,negative
567875729045590017,negative
567764953289875456,positive
568850770331721728,neutral
569308292893290496,negative
569143996422995968,negative
568471761051721728,neutral
570298371140939776,negative
568663147189415936,negative
569947357787385859,neutral
569977517945126912,neutral
568850943359496192,negative
569595899204255745,negative
568782407698149376,neutral
569666352794898432,positive
569989340052344832,neutral
568541016472432641,positive
570202978650603520,neutral
570045585149063168,negative
568723674934722560,positive
569667805643034624,neutral
569884462051418112,negative
569870657246404608,positive
569213441694568448,positive
569376311824621568,negative
567821288820203520,negative
569690626293305344,neutral
569666606424420352,neutral
569580671112388608,positive
568985883589906432,negative
569176746735632384,positive
568494962880475137,positive
568757933502148608,neutral
568071468312981504,neutral
567763748559937536,negative
567721764285726720,neutral
568839199773732864,positive
569199676282564609,negative
569691609404706817,positive
568195153464143872,negative
569369008580874240,negative
568067878546755584,positive
569646854402486272,negative
568920546043408385,neutral
567848171155496960,negative
569999632920674304,negative
569895344458170368,neutral
568058084846911488,negative
569947356428419073,neutral
568432260912959488,neutral
568916807815438336,negative
567772765756080128,negative
569612307363266560,negative
569520929128251392,positive
570309145276125185,positive
569461666695524352,negative
567912190788771840,neutral
570120432453615617,negative
567802808876158976,negative
569613473845542912,negative
568115075266973696,positive
569003484701282304,negative
568762267493249024,neutral
569380098119499776,negative
570244720229797889,negative
569554916064284672,positive
569969506740674560,negative
568481179646758913,negative
569667787829809152,neutral
569496828376322048,negative
569342681551400960,negative
568086068328681473,neutral
569769708569767936,negative
569670882207129601,neutral
570016801192456192,neutral
569724245963444224,negative
569314734752854017,negative
569960080734490624,negative
569682747712770048,negative
569666926294798338,neutral
568583191260483584,negative
569339181136113664,neutral
569776946365620224,negative
570290552169734144,neutral
569347934866636800,positive
569249704543965184,positive
568185516971204608,positive
568137238732771328,neutral
569708573762023424,neutral
569276415927037952,negative
569276734798893056,positive
568905143883849728,positive
569009316490911745,negative
568620841325301760,negative
568803508784275457,negative
568860389640962048,positive
569882324713783296,negative
568379591569629185,positive
569599725240000513,negative
569466525297590272,negative
569944514137362432,negative
568479680229208064,negative
569947033857069057,negative
568559061668507648,neutral
567735941846937600,negative
568678961229762560,negative
568888623787089920,negative
570306529947193344,negative
569284604567228416,positive
567780392179351553,negative
568817350864023552,negative
568383500530769920,negative
569161583718473728,negative
570270776370311168,negative
570284308210032640,negative
568605590735294464,positive
570097527841693697,positive
568926306496172032,neutral
568550726311346177,neutral
569724254473850880,positive
568527517910319104,positive
570021225323298816,neutral
569512447717085185,negative
567759344360783872,negative
567893201719156736,neutral
569242425530712064,negative
569645522363011072,neutral
567864588521381888,negative
569330095644659712,positive
569385862489776128,negative
568832394196684800,neutral
568994696980238336,neutral
569608322925473792,negative
570266233003741184,neutral
568408759019524097,negative
569301951478935553,negative
569333461401481216,neutral
568802906280845312,neutral
567754165904887810,negative
569676702030262272,negative
569716576850731008,neutral
568467150475812864,negative
568560904469684224,neutral
569953475640995840,negative
567770698111852544,negative
570004771496714241,negative
568435750485819392,negative
568494200163074048,neutral
569983967467868161,negative
569914808339836928,negative
569390507526369280,neutral
569462004332646400,neutral
567800210064420864,positive
570201440704028672,negative
569919793572261888,negative
569571492947742720,negative
567731738924032000,negative
570304779412508673,negative
569175548632698881,negative
569983149028962304,negative
570245555064074240,negative
569979057028227072,neutral
569842295387791361,negative
568118452965085184,positive
569724257879502848,negative
569718410944188417,negative
569301593587208193,neutral
568008391773196288,negative
569243017552375809,positive
569674237079744512,negative
570095443364831232,neutral
568085308727808000,neutral
569716148293349377,neutral
569981026598043648,neutral
569506408145784832,positive
568905816973172736,neutral
568504198385373184,negative
570083898031513600,neutral
569647615194898432,negative
569672329321701376,negative
568962609375895552,positive
567856422030942208,positive
569284223590232064,negative
570286841737318400,negative
568930740127326209,negative
569667238808068098,neutral
569638521817968641,negative
569860103341518849,negative
568241156347305984,neutral
568335451741749248,neutral
569353641615687680,negative
569663371353546752,negative
569607661655715841,negative
570040251764183040,negative
568155246616121344,positive
567787240399851520,neutral
570293661377961984,negative
568463093568835584,neutral
570279118438182913,positive
569975113694760960,positive
569674930842775552,positive
569605593159352322,positive
568214541852495872,neutral
569359055937908736,neutral
569203010410119168,positive
569202715571703808,neutral
569171167174627328,negative
568156672365092864,neutral
568090924141703169,neutral
568845539405656064,negative
569343781092401152,negative
569929653730840577,negative
567749860611211265,neutral
569937457837273088,neutral
568748242109927424,positive
569223447005433856,negative
569748099616215040,negative
570171986648965120,negative
569565598772043776,negative
569890213570457600,positive
569373650647945216,negative
570205604314255360,negative
567794573495250944,neutral
569204255191490560,negative
569514750842789888,negative
570264515285266432,neutral
569262065988308993,neutral
567921825948250112,negative
567801519207374849,positive
569127429702348800,negative
570037969819545600,negative
568895534825639936,neutral
569621879633391616,negative
567727701620822016,neutral
569226313220947969,negative
569438763115536384,neutral
569507834930442241,neutral
569567084721655808,neutral
569235155061227520,negative
570041376005443585,negative
570270435478122497,positive
569927288751587328,neutral
569910583694196736,negative
569934457215410176,neutral
570278902959988736,negative
569954670006763520,negative
570268420140244992,negative
569988842335244289,positive
569162276403609600,positive
569995706909503488,positive
569733572606763008,neutral
568014723926626304,negative
568194770524221440,neutral
569915643094396929,negative
570187100710002689,negative
569663851928485888,negative
570252044528959488,negative
567734113088835585,negative
569630959718551552,negative
569714755109294080,positive
567746540903493632,negative
569296784922578944,negative
568651726858747904,negative
569759330662109185,negative
568057241435303936,negative
569762365572558848,negative
569683456990580736,negative
569254216415481856,negative
569236251129163777,negative
567791786145378304,negative
568581908075933696,negative
570261511781941251,positive
569011846432366592,negative
568025019068108800,negative
569676317144133632,negative
568929782286516224,neutral
570267287883616256,neutral
567806884191944705,positive
569989168903819264,positive
568437450927955969,positive
570189507447775234,negative
568416519073468416,positive
568487367536996354,negative
567917894144770049,negative
569733719256272896,neutral
568148149610483712,neutral
567878239156338688,neutral
570087950156898305,negative
570289777184002048,negative
569574646229684224,negative
569229056362876928,negative
569706041673322498,neutral
568575427742011392,negative
569856081180160000,negative
569007890029129728,neutral
568471227418832896,neutral
569281033365037056,negative
567886093749604353,negative
569863453696876544,neutral
570066166930145280,positive
569693551589756928,neutral
570295174385016832,negative
568539290344402944,negative
567790793197629440,negative
568144894964994048,neutral
568617891412574208,positive
568472775729516544,neutral
569165654848204800,positive
569537485761433600,positive
569974710915571712,negative
569596357381644289,negative
568157733746294787,neutral
568209603332214784,positive
569242047917502464,neutral
570013472093642752,negative
569845106888585216,neutral
568649643187310593,positive
569644766779936768,negative
569544271017037824,positive
570159741441335296,negative
569896241196339201,negative
569491061543796737,positive
569886575720574976,neutral
567871270014025728,neutral
569514031695962112,negative
568057812322021376,neutral
569259186711764992,neutral
567904438834167809,negative
568380876855353344,negative
568982253553844225,neutral
568469155709624321,negative
570073969690169344,negative
568005542997860352,negative
568238379847921665,positive
568229032652709888,neutral
569617556857851904,negative
570306250442985473,negative
570285320085880832,neutral
569859985208770562,negative
567742912579272704,negative
569002384258502656,neutral
569875424924168193,neutral
569669516185063424,neutral
568712938019639296,neutral
569813752268374016,negative
569758106395254784,neutral
568546414604750848,negative
569964915710038016,negative
568951922734055424,negative
567829387485130752,positive
570063192581390336,negative
568189949415170048,negative
570275970046775297,negative
567837314782765056,negative
569973352837853184,neutral
568808340387536896,neutral
569620902742233088,neutral
568583414519083010,negative
569586471570534400,negative
567847966989508608,negative
570295981985681409,negative
568910590921609216,negative
569965376186019840,neutral
568527545097805824,neutral
569347552484728832,negative
570029442514333698,negative
569906662061944834,neutral
568531035723603968,neutral
570016890996723713,neutral
569456923663151104,negative
568949545972961280,negative
567741884140093440,negative
569514001450672128,positive
568244508837736449,negative
569735461033213952,negative
567783802492420096,positive
570187940221071360,positive
569898346036404224,negative
568931996891807744,negative
569614085807067136,negative
569805215605456896,negative
570298362907508738,negative
568781747128803328,positive
570270728051765248,negative
568852204750135296,neutral
567777978327633920,positive
569760267485122560,negative
570012421345005568,neutral
568571758627790849,neutral
569170897606709250,negative
569143915405651968,negative
569646538814824449,negative
569939391277350912,positive
567767201286205441,neutral
567880416201293824,negative
569596156927303681,negative
568440384897966080,neutral
569741366642618368,neutral
568370280415899648,positive
567744219281129473,neutral
569646005315973120,neutral
568629385105793024,neutral
569654319391354880,negative
569696862011133952,negative
569923825179054081,positive
568069616003629057,negative
569528768148041728,negative
570276245960835073,negative
570195492006707200,negative
567879331810246656,negative
569514124490579969,negative
568062804697202688,negative
568417968230694912,negative
569232480181489665,positive
568092489011236864,negative
569916323725217793,negative
569998019694866432,neutral
568846499431337984,neutral
569887957810864129,negative
570215492838920193,neutral
569961481455976449,negative
568165339290169344,neutral
568005720026660864,positive
569908928667996160,neutral
569075205106229248,negative
567814121870348289,neutral
568862914154770432,negative
570201740496257024,negative
568606101412962304,negative
568144831496593408,negative
569267891721375745,negative
569711923148689408,neutral
569899859995693056,negative
569293537864499200,neutral
569676333766328320,negative
569989007532142592,positive
568787046778720256,neutral
569530195306258432,negative
569271364521103361,neutral
567884646270267392,negative
569195472650268672,negative
569860904814301184,neutral
569972097453137920,positive
569883376041250816,negative
569940147615113216,negative
569931705022164992,positive
570160153493774337,negative
567789001374183424,neutral
569537042201194496,neutral
570264682541522944,negative
568490780203065347,negative
568611300609118208,negative
568234670166568960,neutral
568947596242235392,negative
568106783241211904,negative
569475909226401792,negative
570047946932101120,negative
568474096058507264,neutral
569273785553178624,negative
568989687353729024,negative
569589123218079745,negative
568639359127150592,negative
568610311487561728,positive
570005561338503170,positive
567777187265515521,neutral
569940462678749186,negative
569644634386911232,negative
569516377524076544,negative
569614088390578176,negative
569964888870793216,negative
568638610385158145,positive
570174964856266752,negative
569392471966388224,negative
568553014786547712,neutral
568501157452230656,positive
568792664931508225,positive
569612999415111680,negative
567827039790571520,neutral
569730716692393984,positive
568911225167474688,neutral
569892297329913856,positive
568967580595064832,negative
568056811401703424,positive
568564485457252352,negative
568152534507855872,positive
568958770849705984,negative
569655420962238465,negative
568553610981740544,neutral
568101609894342656,negative
567888186967470080,negative
568428971504889856,negative
569938767860994048,neutral
568850967673896960,positive
568604231026003968,negative
570224421194964992,positive
569609436714680320,positive
569935135132426240,negative
570280378193330180,negative
569921747195076608,negative
570291866530398208,neutral
569686267354599426,positive
569970599377788928,negative
567872406628356096,negative
570115366023770112,negative
568827397103099904,positive
568779480019251201,negative
569878631322755072,negative
569007993897013249,negative
568058146729668608,positive
568925938840240128,neutral
567863082346627072,neutral
570265689589592064,negative
569204038811717632,negative
570307390752608257,negative
569825634295230466,neutral
570105441688158208,negative
568967598794149889,neutral
569482685061554176,positive
569934170819948544,negative
570275450200711168,neutral
567822548545859587,neutral
568204808122974209,negative
570296616688750592,neutral
568864796717805568,neutral
567893822585327616,negative
569983093341347842,negative
569924117719199744,neutral
569233260108124160,negative
569911555967442944,neutral
568183509577125888,negative
569908792776892416,neutral
569821862873726976,positive
569444898660691968,positive
569910765173362688,positive
570093462738984961,negative
569407067007496192,negative
569872009380941825,negative
567727581873848320,positive
567798535262060544,positive
568251373189349376,negative
569704587315138560,positive
569158629443502081,neutral
567810683485753344,positive
569305705750114305,negative
569591765793165312,negative
568633738567012352,neutral
569827608193585152,negative
568085571509334016,positive
568505037833396224,neutral
569953672861388800,negative
569363796113764352,neutral
569275249725870080,positive
569451362687143936,negative
568829494556897280,negative
568178946585579520,negative
569912753479147521,negative
569620850820956160,negative
567733978363621376,negative
569308130464698368,neutral
569838973490765824,positive
570163418637996032,neutral
567871783107452930,negative
567851359178989568,negative
570261349172973569,neutral
568064382627921920,negative
569610889214754816,neutral
569284887955558401,negative
569839419211034624,negative
569328755409326080,negative
569741306190172161,negative
567726186038837248,neutral
570300767074181121,negative
570092218058346496,neutral
568248102018285570,negative
568093190185566208,positive
569394015055040512,positive
570003343222964224,negative
570224015656284160,negative
569207912251289600,positive
569226044118581248,negative
569178715051188226,positive
569666115477098496,negative
567996668320346112,positive
568442328794464256,positive
569620432204267520,negative
569622568459636736,negative
569608734332162048,negative
569259756344487938,positive
569643354557796353,neutral
569520477351383040,positive
570078894008594432,negative
568635531900243968,negative
567735710392659968,neutral
569899522152726529,negative
570278644918194176,negative
569845438494457856,negative
569869960195006464,negative
570254375081414656,neutral
569560151100821504,negative
568862839340961792,positive
569884951207813122,negative
569116399039344640,negative
570225396404359168,neutral
569566323912671232,negative
569232748663214080,negative
570185687569469440,negative
568786035053760512,neutral
568576058645188608,negative
568825797613645824,neutral
568981079278751744,negative
567750136223518720,positive
567786151370629121,neutral
568814284680994816,negative
569958895700959232,neutral
568378598043852800,neutral
570090252544708608,neutral
567830414615662592,negative
568878319074029568,negative
569803373530128384,negative
568726628639100928,negative
567830991491997696,negative
568118177537744897,neutral
569665707870285824,negative
568832576468746240,positive
570177752973885440,neutral
568216890918637568,negative
568535405361913857,neutral
569689784517402625,negative
570263872004874240,neutral
568605600273141760,neutral
568274949275824128,positive
569881379825164288,neutral
569590191758962688,neutral
568128387576762370,positive
567773933928476672,negative
569616554922418177,negative
570237762063831040,negative
570063869596475394,negative
568825463918833664,negative
570223806322581504,negative
568781819233091584,neutral
569953628687101954,positive
568481989776564224,negative
569337230935724032,negative
569904406285516800,positive
570038962561134594,negative
569678975049588737,negative
570038882294607873,negative
570284482588246016,neutral
570123386925539329,negative
569915248620150786,neutral
570307312675651585,negative
568226940139782144,negative
569989575793180672,neutral
569992815624781824,neutral
570283254743506944,negative
569686000240345090,negative
569634575653183488,neutral
569692835907129345,negative
567831351195484160,negative
568929608566837249,positive
570231607757381632,negative
568153151636766721,negative
570232726206312448,neutral
568482252168019968,neutral
568159336104636417,neutral
570272387985514497,negative
568946686896132096,negative
568588896218587137,neutral
568976322032087041,negative
569801089022734336,neutral
568062811856703489,negative
569314535103983617,negative
569870837815205888,negative
569357127040540673,negative
568559216912416768,neutral
567752478309875714,negative
569378015429447680,negative
570196530566701056,neutral
569661113593425920,negative
569318505755103232,negative
570099717314457600,negative
567893710949588993,negative
569787479324299265,negative
568106054283882496,neutral
569598991463268352,negative
569954583209881600,negative
569922639185072129,negative
570087510941962241,negative
568102228587884545,negative
569291509305970688,negative
568545648284340224,negative
570261359377698817,negative
568450237028798464,neutral
568983310438805505,positive
569387211025727488,negative
569983511609757696,neutral
568706442850660352,negative
570265542025719808,neutral
570208115205021696,positive
568644053522391041,negative
568266347450273793,negative
569567144318365696,negative
568501539167473664,neutral
568084167390564353,negative
568869609622904832,positive
568885581297651713,neutral
568574249553637377,negative
570057993770831872,negative
569328072027189248,negative
569970865607090176,negative
569842257588846592,negative
568913508936458240,negative
569456035930484737,neutral
568790795253186560,negative
570264550458695680,neutral
569598171082596352,negative
569644495517589504,negative
570076113453518848,negative
569278418606559233,negative
567931026686767104,negative
569629215869382656,neutral
567735766416392194,positive
570013523650048002,neutral
568538553862340608,negative
569129269139537920,negative
568677633682214912,negative
569890258181070848,neutral
568873459901702145,neutral
569646309159927808,negative
568880408701435904,negative
569208236487745536,negative
569496793668591617,negative
570249083790733312,negative
569602278988120064,negative
570307390752608257,negative
568055724078706689,neutral
568086667258679296,neutral
568101162672500736,neutral
569823770308939776,negative
569152740414218240,negative
570268646544510976,negative
570278803399798784,negative
569633482915209216,negative
569668652045369344,positive
569591647685775361,neutral
569926559982751744,neutral
569343579899822081,neutral
569990034444689408,neutral
570272172679282688,negative
568408653562294272,positive
569128289178152960,negative
570249435029970945,neutral
570278679491670016,negative
568898792247992320,neutral
567767091579592704,positive
567722689989578752,neutral
567738743491411968,neutral
568929816797323265,positive
570305234838429696,negative
568772912557133824,positive
569887742479486976,negative
570218269111664640,neutral
570106249024446464,neutral
570275726483542016,neutral
568169379613032448,neutral
569663325383979008,positive
569976124278640640,neutral
568191343769620480,neutral
569865675793170432,negative
570057520162721792,negative
568627373027020800,neutral
570283453750489088,negative
569869220680470529,neutral
569757773937770496,neutral
569915992777687041,negative
570114021854212096,neutral
569709103188197376,negative
569366968446246912,negative
569235156717989888,neutral
568627869225766912,positive
569373511455776768,neutral
569236645180018689,neutral
570240052279648257,neutral
569490499377061888,negative
568544467944407040,positive
568817894030741504,negative
569163696041172992,positive
569196231546830848,neutral
568846033997803520,neutral
569560386548006912,neutral
567874134174101504,negative
567872614296862720,neutral
567791389011910656,negative
570278803399798784,negative
568188639412400128,neutral
568625636639506433,negative
568825542792720385,positive
570304633048047616,neutral
570270918095695872,neutral
569638585571221504,negative
569165128366755840,negative
568186071114252288,negative
568616851531378688,positive
568091960709230592,negative
567873698679623680,positive
569362928710914049,positive
568974096161234946,positive
569641326536462336,negative
567925054853496832,neutral
568917936783491073,positive
569015669347319808,neutral
570010976608780288,negative
568435364349808640,positive
569626613664653312,neutral
568875212202078208,neutral
569635389289459712,negative
569361898581467136,negative
569756967935148032,negative
569718285060706304,negative
569273297491378176,neutral
569344598482546690,negative
569706873525391360,negative
568458157703499776,negative
569884551712886785,positive
570307011981783040,positive
569923394990419968,neutral
570295637708816384,negative
569674104913014784,negative
568943244027006976,negative
568215000306724864,neutral
568652268305666048,positive
569358476402499584,neutral
568355672225673216,negative
569411383265075203,negative
569718904131420161,negative
568544549536198656,neutral
568482785389899776,negative
570286925556424705,negative
569491590105980929,positive
568045111189372928,negative
569630229636853761,negative
570045153295011841,neutral
569188266089381888,positive
569621351650209792,negative
569184886424268800,negative
569721575492194304,negative
568752951164063745,negative
569526070615138304,negative
570206113783795713,neutral
569963645402099712,neutral
569673773567381505,negative
570272018840428544,neutral
568053507179163648,neutral
570275726483542016,neutral
568889116399525888,neutral
569618210699513856,negative
570056907634798593,negative
570019099268358144,negative
567915852260978688,negative
568932482323623937,negative
569911528368926720,negative
569600137296633856,positive
568920314073260032,negative
569856492477657088,negative
570259700937134080,neutral
569766964895166465,neutral
569642306640306176,negative
570275536406253568,neutral
569544742595391489,negative
568059091848962048,negative
569031663520489472,negative
569303931916038144,negative
569942616617447424,negative
568457761366781952,neutral
568132209330098177,neutral
569595791355981825,neutral
570293289045364736,positive
569532924036407297,negative
569337645878390784,negative
569906167947898880,positive
569662418898579456,negative
568900531696984064,neutral
570283851018317824,negative
570249864841285632,negative
569678065422311424,negative
569591393540288512,negative
568818669024907264,negative
569435327544369153,negative
570301395141836801,negative
569208067243401217,positive
569959365236690945,negative
569827255653941248,negative
569571731649667072,negative
570293674472558592,neutral
568102992110465025,positive
570305365159632899,neutral
568929010966765568,negative
569800909942886400,negative
568943601306210305,negative
570060726523584512,neutral
568458513636134913,negative
570265300685488129,negative
568813649336381440,neutral
569207235953307648,negative
569912092351819778,neutral
569945910546989057,negative
569697188508348416,negative
569257932908470273,negative
567698031081160704,negative
570227911803998208,negative
569713556935077888,negative
568091623986319360,positive
569190357344358400,negative
568837602071203840,neutral
569030463760650241,positive
567796029056385024,positive
569827699243544576,negative
570240452588380161,negative
570283544125288448,negative
570272018840428544,neutral
568624528131125248,negative
569687606901940226,negative
568112232208293889,negative
569639640170254336,negative
569592402085847041,negative
568884731489562624,negative
570130792443039744,negative
569560633957609472,neutral
568841522663329793,neutral
569608866138173440,positive
568080349286301697,negative
567778512548167680,neutral
569017002439761920,neutral
568342540837105664,negative
569644716343455744,negative
567791182199197697,positive
569687262444720128,negative
569831393682976768,neutral
568830614289252352,neutral
568552167122055168,neutral
569879528891416577,positive
568176390325075968,positive
567858373527470080,positive
569613897516380160,negative
569064161747083266,negative
570247551368241153,negative
567791059393335297,negative
570119853312311296,positive
570001194900426752,neutral
569676404893163520,positive
569822277145133056,positive
570076090917650432,positive
567793696956231680,negative
570283712409051136,positive
570284862122233856,positive
569529242893090816,negative
568011010029838336,neutral
568776950665371648,negative
568894680881963008,positive
570207886493782019,positive
569921842204565504,negative
569197350901714944,negative
568976326666768384,negative
569586743831191552,positive
568565044994158592,negative
569322478847135744,neutral
568810180269494272,negative
570308309682675712,negative
569646857632096256,neutral
570054360505323520,negative
569654332246904832,negative
568262481698803712,neutral
569942482668167168,negative
568509738763169792,negative
570228063625207808,negative
569557763094917120,negative
568496664677363712,positive
570281470507352064,negative
569956285828853761,positive
568823775745028096,negative
569930292024221696,negative
569688050386620416,positive
569696793652371456,negative
567740187380170752,neutral
568570905690898432,negative
569881548515708928,negative
568883475534745600,neutral
569342641571291136,neutral
568105570215055360,negative
568178665189711872,negative
569636980612427776,negative
569699607707398146,negative
567896040982069249,negative
570087305320357888,neutral
569527440499978240,negative
569265728408440833,neutral
569603127223066624,neutral
570280225625362432,neutral
569936213760716801,negative
568789020890812416,negative
568632394929958912,positive
568411114448523264,negative
569667401769459712,neutral
569608141689753600,negative
567847163465764864,positive
570302023968694272,negative
569935522497478656,negative
568964010101514240,positive
569235062862036992,negative
568826070897717250,negative
567776148864913408,negative
569663577226915840,negative
568139299021041664,negative
569661761449791488,positive
568985734163664896,negative
569737333827887105,neutral
568853687130390528,neutral
569837685428359168,negative
570220301465681921,positive
567752826353225728,negative
567753872967528448,negative
569919041244147712,neutral
568177152924860416,neutral
568104783061520384,neutral
569417702764363776,negative
567769337256484864,negative
568303606710956032,neutral
569585203666161664,neutral
569915269767757824,negative
568805605432958976,negative
569564853460807680,neutral
569697298768203776,negative
568488247514554369,negative
568177910101745666,negative
569833680316829696,positive
569236665950203904,negative
569888397205962753,negative
570049704618299392,negative
570264481772777472,negative
568947358349701120,neutral
570078379421990912,negative
569731353337581568,neutral
569219701001179138,neutral
570297479029252097,negative
568138172133183488,negative
569797440100036608,neutral
568394078817267712,positive
569637593278779392,negative
569933646385188864,negative
568035703768154112,neutral
569623248205430785,negative
569935232033366017,negative
568872880865325056,positive
570276917301137409,negative
569895498527727617,negative
569745948437569536,negative
569717739113320448,positive
569618884355092480,neutral
569935918225711105,negative
567857135066963968,positive
570269633778855936,negative
570295795985080320,negative
569506563628642304,neutral
569764275700375552,negative
567845953245413376,positive
569711253490409473,negative
569664849522925569,neutral
570263130141564929,neutral
569152201278525440,negative
568393752596717568,negative
568897700315435008,neutral
569883848470859776,neutral
569459618881019905,neutral
570287271234174976,neutral
569947476830101504,neutral
569633257689518081,negative
568483591623208961,neutral
568319110779514880,negative
569683558081687552,negative
569604243226652672,negative
568810866830913536,negative
568066878192508928,neutral
569697234574581760,negative
570290552169734144,neutral
569966215621246976,negative
569657264262533120,negative
569849299850305536,neutral
569654047151562752,negative
568435677190336512,neutral
567744571124482048,neutral
569734884396302338,positive
568996669167181824,negative
568915699290284032,negative
567903653933101056,positive
568955862124863488,positive
569481897203494914,negative
569664250521763840,neutral
568838743030956032,positive
568535677027028992,negative
569260276626956288,negative
568489967808327682,negative
567847344307347456,negative
570092196247969796,negative
568101393111891968,negative
568149878095753216,neutral
568875591308611584,positive
568041161652342784,negative
570264948548313088,positive
569692012456181760,negative
569663278298890241,negative
569188394716278786,negative
569596793941401601,neutral
569985084348104704,negative
567778236026077185,negative
569929677571166208,neutral
568480213123919874,negative
568752793999286273,positive
569636064035348480,negative
569611735696580611,positive
569714918951391232,positive
568612163578773504,neutral
569630266664325120,neutral
568248950450311169,negative
569643344462262274,negative
568850600261226496,negative
570307369328095232,negative
569370900568502272,negative
569626978397134848,negative
570284308210032640,negative
570214946815868929,negative
569569152312213506,negative
569700071484338177,negative
569984437720453121,negative
569259449115942913,positive
568544211370418176,neutral
567805458053099520,neutral
569444456660750337,negative
568153752533733376,neutral
569867364390449152,negative
569688245019111425,negative
569470053348823040,negative
567856486950576128,negative
567816909816635392,positive
569213183455563776,positive
569911064105754624,negative
568072770103308288,positive
570195444300718080,neutral
570299953286942721,positive
568542052205666305,negative
569599260288819201,negative
569397984519016448,neutral
569258934864781312,neutral
567800801248161792,neutral
568517386795507712,positive
569966909019398144,negative
568541825092304897,negative
569939368598753280,negative
568423886762569728,positive
568403649753448448,negative
569195394065952768,negative
568825563126865922,neutral
569981899332059136,negative
568084495078785024,negative
568929641756368896,negative
570297185704812545,neutral
569973278699352064,neutral
568053414682361856,negative
568115946738597888,negative
569727598130962432,positive
569604400479649792,negative
568836750598123521,positive
568476370130628608,negative
569287318898495490,negative
570306423818723328,neutral
569880207911460864,neutral
567899604605218816,neutral
569005718365298689,positive
567846268090740737,neutral
569602974671990784,negative
568528656584146944,positive
568084881303072770,negative
569692064511692801,negative
569233440463155201,positive
569676227981791232,negative
570156777297350656,positive
569151206028931072,negative
568467880481665025,neutral
570298371140939776,negative
568495924135235585,negative
570234676494757888,negative
568061922265804802,negative
568184134666981376,positive
569594712337854464,positive
570001825358860289,negative
570285115655348226,neutral
568616488766029824,neutral
570196007243395073,positive
568800184345468929,negative
569670844047192064,neutral
569258009320419330,negative
569599713499963394,negative
569629305023569922,negative
569666455114903552,neutral
569936426902687744,neutral
570038941497192448,neutral
568174975028465664,positive
569679850773958657,neutral
569338724787593216,negative
569159333499576320,negative
570172301163008000,neutral
568191963838746624,neutral
569660164149800960,negative
570078049779081216,positive
568762393083449345,negative
570292403309035520,neutral
568115571788808192,neutral
568600552814174208,positive
568173938292985858,positive
569823600837947392,negative
569917869296758784,negative
569697456536965121,positive
570053952856854528,negative
568217301243133952,neutral
568561041774231553,negative
570292360749453312,negative
569533648367722496,neutral
569948241116016641,negative
569552552297041920,positive
567614049425555457,neutral
568597262378655744,negative
570035876845084672,negative
569625953602834433,negative
569821659097477120,negative
569596097540132864,negative
567728800864010242,negative
569555929798217730,negative
569671468369338368,negative
569588348593025024,positive
569648753357037569,positive
569748289945362435,negative
570078733735821313,negative
569659878693695488,positive
568898165635575808,positive
569592368518660096,negative
569646347705561088,neutral
568253469129187328,neutral
569662789377064960,neutral
569999091028983808,negative
569436595746684929,negative
569715074505420802,negative
569921840904327168,negative
569331021163814912,negative
567742141334437888,neutral
568240532746473472,negative
569954393216454656,neutral
568738229274464256,positive
569140362025050112,negative
570260984704700417,positive
569554776611901440,neutral
567717552290136065,negative
569189652080533504,negative
570263008762601475,neutral
568284515728302080,negative
569678153783877634,negative
569522040547385344,negative
568596065882017792,negative
567813976492417024,neutral
570013961808187393,negative
569484387055734784,positive
569649712996823041,negative
569504299992141824,negative
569253874445492225,neutral
568154777739259907,positive
569890152832749568,negative
568834834040164352,positive
569241970662645762,negative
569994045205803009,positive
568784436428300290,neutral
569385496675295232,negative
570001706676842497,neutral
570299252141903873,positive
568932061882552320,negative
569185684268789761,neutral
569888954863890433,neutral
569463954155700224,negative
569607852236640256,negative
569890192338735104,negative
567808067237326848,negative
568819406207356928,negative
568380302114086912,negative
569559370104639488,negative
568240338164252672,positive
569874374741925889,negative
568637034761302017,neutral
568258333649604608,positive
569651320736522240,negative
569683804857745409,positive
569474230854660097,negative
569479822226952192,negative
569155784988164098,positive
570016325667557376,neutral
569975684476641280,neutral
568245360998658048,positive
569482497496473600,negative
568127434173878272,neutral
569682667362344960,negative
568954558589702144,neutral
570179236633432065,negative
570040750412406784,positive
569238749802074113,neutral
569529128585555968,negative
567728860629057537,negative
569891440135794688,positive
569920778306584576,positive
568031932719566849,positive
568074993856335872,positive
568498114300153856,negative
568167917004718080,negative
567773609939058688,negative
569176969872605184,negative
570121321192894464,neutral
569961070519050240,negative
569970608693493760,negative
569649820798881792,negative
570229420058918913,positive
569820671234060288,negative
569926843853185024,negative
569174820308590592,negative
570088980278059008,neutral
570237966355968001,neutral
569275554110664705,negative
569941314713726976,neutral
568250452057427970,negative
568361830160175104,positive
569639294152806400,negative
570307948171423745,negative
569276864260255745,negative
567802662026014720,positive
570067529206358016,negative
567863933018640384,neutral
570307820962373632,negative
568456085536935936,negative
569454891644674049,negative
569075352888176640,negative
569028851860254720,neutral
568073191068794880,negative
567802781877407744,positive
568725453831315456,negative
569936613016350720,neutral
569263373092823040,negative
569976131748823040,negative
570271209822294016,neutral
568976619089620992,negative
569623343424413697,negative
568180710252646400,positive
570306662575300611,neutral
569948353003446274,negative
567829088380919809,positive
569642145977479169,negative
569634891857600514,neutral
569497632361594880,negative
568548205421563906,positive
570220208037584896,positive
570230752476049408,neutral
569556697603280897,positive
569676387113672704,neutral
569710119216422912,negative
568901828055707648,neutral
569699027782012930,negative
570258656383639553,neutral
568880146284982272,neutral
569640038302134273,positive
569936348217352194,negative
570016304284901379,neutral
568554107952177152,neutral
568143658089717761,negative
569675799122591746,negative
568560083103137793,negative
568471651114811393,neutral
567819066708226048,neutral
569490420356374528,negative
569925187757592576,neutral
569209958627016706,negative
568881357583097857,negative
568829196962828289,negative
569387005131546624,negative
568838717303074816,negative
568866106317746176,positive
567776714303238144,negative
568080542345895937,negative
568518985056002049,negative
570306086475075585,positive
570305363859406848,negative
569630148468670464,neutral
569374298168791040,negative
567734128011784192,negative
569652316816719873,negative
569889833297915904,negative
569693767831146497,negative
570056289419526145,negative
568485707993497603,neutral
569361107745263617,negative
569508406551322624,negative
568609263485984768,negative
570216606057541632,negative
567764411205439488,negative
568052677881565185,neutral
569911515106582528,negative
569864863171764224,negative
569913339427434496,neutral
567821242029359104,negative
569613284455948289,negative
569932363641298944,negative
569894356393570304,negative
569967632868188160,negative
569373336922230784,negative
569172065724428288,negative
568226977070632960,negative
569749896095358977,negative
568983580585517056,positive
568118442454355968,positive
568149912665198592,positive
568018287302447104,negative
567760693643214848,negative
570099506135437312,negative
570101371409559552,negative
569891436100874241,neutral
568654208674586624,positive
567772246060433408,negative
570003097554006016,negative
569652058518908928,negative
569540405676654592,negative
569665738165891073,negative
569697809017864193,negative
570270777121103872,negative
568246970126438400,neutral
570281010606120960,negative
567842593440145408,negative
569885742526124032,negative
569924679206457344,negative
570004519679074304,negative
569650859371405312,negative
569243889011281920,negative
570288282413633536,negative
569873050117808128,positive
568822440631144448,positive
569691438784647168,neutral
569301606891712512,neutral
569747533641199617,negative
568983464172584960,neutral
568533371602608128,positive
569601275672829952,positive
568211263303639040,negative
569958935907733504,negative
570280225625362432,neutral
569877658286186496,neutral
569671712830308352,negative
570303889754488832,negative
570065322369101824,negative
569337170210607105,negative
568904934495629312,negative
567893704058474496,negative
568525820764897280,negative
568677317590937600,negative
568053728944791552,negative
568517827482685440,positive
568131853929947136,neutral
568394676501217281,negative
567881925727113217,negative
569126921096859648,negative
570006301968867328,neutral
569691155606183937,negative
567713896627470336,negative
570050881879568384,negative
569273230579478529,positive
570268326250745856,neutral
568574188086296576,negative
569680818228084736,neutral
570274371685777409,negative
567748089805799425,negative
569616634601717760,negative
570287747643998208,negative
570293100326862849,neutral
569969045946175490,neutral
568603024320434176,negative
570042155634450433,negative
569225412540174336,negative
570075101326024704,neutral
568871340498821120,neutral
570300262302289920,positive
569883984190005248,neutral
568140092453179394,positive
568895842293309440,positive
569506217271427072,negative
567767199700758530,negative
570075916430397440,negative
570235698608869376,negative
569298251418959872,negative
569924355011932162,negative
569039105775939584,neutral
570002051108769792,negative
569589379385008129,positive
568509669758660608,neutral
569888244856455168,negative
567759456503881729,negative
570240246719381504,negative
569940989403635712,negative
569960248548593665,negative
569858278370516992,negative
567822717665198080,negative
569780060523261952,negative
569186566247051265,negative
569650819894652928,negative
569101653573570560,positive
569916664130637825,negative
567734790108225536,negative
567790175813681153,negative
568160197367242752,neutral
568140595580919808,negative
569348995136376833,positive
569879601784041472,negative
568940981321637889,positive
569759459632750592,neutral
569221828025167872,negative
567805230550634496,negative
569920508923215872,negative
568783455338819584,negative
570261977332731904,negative
569025555343007744,neutral
570070364723814402,negative
568481017876623360,negative
569678749056294913,neutral
570306662575300611,neutral
568858239372103680,neutral
567728114588209152,neutral
568532221180534784,neutral
569840341899026432,neutral
569641346316640256,positive
569573843825790976,positive
568937199145783297,neutral
570265883513384960,negative
567775456678912000,negative
570104704241307649,negative
569525690615205888,neutral
568104264733573122,neutral
570050323017920512,negative
568775278505414656,negative
569692158287962112,positive
567817476144242688,negative
570302060035497984,negative
567745362727686145,negative
568094581041934336,neutral
568055631065653250,neutral
570151698489954304,negative
570270651996463104,neutral
569230515833856000,positive
569893737385472000,neutral
568735994838589441,negative
568039128001937408,positive
570192452486889473,negative
569017194564096000,negative
567670985403285504,negative
569591700416393216,neutral
568854214136479744,negative
568576245027336193,negative
569523293356630016,negative
567936625453318144,negative
569201943131738113,neutral
569907544124219392,positive
569604173236477952,neutral
569651548881465345,negative
567818156607074304,negative
567728481623359488,negative
569606966772940801,negative
569989330057342977,neutral
569854370726064132,negative
568606997546999809,negative
569710853160710144,negative
568554719934844928,positive
570229842626478081,negative
567739036425805824,positive
569974234908389376,positive
569977585003827200,negative
569508707178057728,positive
569402506792407041,negative
570304873620746240,neutral
568493225788510209,negative
570009017625526273,negative
569948710370717696,neutral
569974641214644224,neutral
569954556001566721,neutral
568861573479059456,negative
568433610765815808,negative
567798174946172928,negative
569242387878428672,negative
569642419307864064,negative
569699965527666688,negative
569642078990258176,negative
570298036938772483,neutral
568804416662454272,negative
570073661241057280,positive
569387614265954304,negative
569855866255462401,negative
568948323916255233,negative
568917786921009153,neutral
568178422175948801,neutral
569632024434057216,negative
568126621611372545,negative
570252986372329472,negative
568796187299606528,negative
570095131967295489,positive
569352847898386432,negative
569226248393662464,neutral
569580648505020416,neutral
569604909571678208,negative
570061921145065473,negative
569671413671591937,negative
569709058636320768,negative
568145883679875072,negative
569597072350978048,negative
567881459161260032,negative
567924953976152064,negative
569470098534207489,positive
568108100827217920,positive
568425564282998785,negative
567804923782627330,negative
567848107456749569,negative
569638013287862273,neutral
569688335788036096,negative
568624462863720448,negative
568170840174538752,positive
567875147941552128,negative
568761425029668864,neutral
568192038040006656,neutral
567897643873148928,negative
569685581787205632,positive
570267902726803456,negative
570289080090689536,positive
569150371706200064,neutral
569923934054805504,positive
569972513721229312,positive
569972777593262080,negative
568923827788505088,negative
567897629364850689,positive
569256374011428866,negative
570097483432337408,negative
568132912761208832,neutral
569533103359660033,negative
569364648576872448,positive
570102725842575360,neutral
568769672922812418,negative
569657128866095104,negative
568846188725841920,negative
570281470507352064,negative
569525150263214080,negative
569958301443739650,negative
569626882053787649,negative
569154652735803392,negative
567800671572926464,negative
568945176401457153,negative
568078149231067136,neutral
569767266075742208,neutral
570217450874146818,negative
569346431833673732,neutral
567768450471587840,negative
569713719124602880,negative
569471541554978817,negative
569981679806365697,positive
569557964991930368,negative
569604466757865472,negative
570000614794489856,neutral
567841954484068353,negative
569946921265184768,negative
570212842206580736,negative
568236511524745216,negative
569535507815903233,negative
568169837878484992,negative
570002805295095808,negative
568641157724549120,negative
568760315569053696,neutral
568406048777900032,positive
568903479722246144,negative
569666428388958209,neutral
568625014037045248,negative
569993098023063552,negative
569934069712052224,positive
570251472203587584,positive
567809206314668033,positive
568611700674584576,neutral
569947324316721152,neutral
569621808963395585,negative
569306524155310080,positive
569968904409214976,negative
569217012980805632,neutral
568780060720701440,neutral
570210411926016001,negative
570287747643998208,negative
570205370649604096,negative
568391084210036736,neutral
567760870630244352,negative
570083989601411072,neutral
569634828641034240,negative
569322175175352322,neutral
569847788986462209,negative
568595620002279424,negative
569832733226110976,negative
570239998383038464,neutral
567767251383808000,negative
568885004610240512,neutral
569673431224074240,negative
568578230933979136,negative
568193698284118016,negative
568868944557133825,negative
567761790357209088,negative
569670402223562752,neutral
568451244009742336,positive
569696663742365696,negative
569894012800217088,neutral
570175761468030977,negative
570303683872886784,neutral
570000126636216320,negative
568084860008570881,neutral
569719978993152000,negative
569640998491578369,negative
568591059602829314,positive
569727727881682944,negative
569871068833435648,neutral
568803061361025024,negative
567592368451248130,negative
568819285990215680,neutral
568874645564362752,positive
568422454609219584,negative
570101395698941954,negative
569926859699437568,positive
569363354428567552,negative
569884756684476416,negative
569529608862875648,positive
568868515857321985,positive
569698117685268481,positive
569615410720432128,negative
569340341956038657,negative
569875783096741888,neutral
569897003255083008,negative
570075456302649344,negative
569245240336330752,negative
567963422903705601,neutral
569600295833116672,negative
570300248553349120,negative
568566729992847360,positive
569723932355358720,neutral
568385277514919937,negative
569576038289711104,positive
569504786879528962,negative
568098769847218177,positive
569358956549681152,negative
569684820604817408,positive
570067865946234883,negative
568417751854931968,positive
569893988846546945,neutral
568571021554556929,negative
569937801942310913,negative
567794802394406912,positive
568214796514004992,positive
568786817404817408,negative
568883988338581504,negative
569525116725567491,negative
569587691626622976,negative
568855505747095552,neutral
568908255310827520,positive
569342393943773184,neutral
570291817087930369,neutral
570278869133107201,negative
569213892980641792,neutral
568973797262372866,negative
570270039737274369,positive
570288981847502850,negative
569633287204773888,negative
568617016917168128,neutral
568432405482229760,positive
568828064152424448,negative
567826761141985280,positive
569951566784045058,negative
570028125024706561,negative
568086184888561664,neutral
569989178651508737,negative
568189531033174016,positive
570277221916647425,negative
570156989541687296,positive
569684282706259968,negative
568438000843034624,neutral
569226157901684736,neutral
568057226776219648,negative
570300915418320897,negative
567863197341847552,neutral
569588651925098496,neutral
568220169803325440,neutral
569700277244141568,positive
568398620686467072,neutral
568602156988657664,negative
570290334158225408,positive
570014474993688576,neutral
569924418320740352,positive
567802111321444352,neutral
569889219805642752,positive
569882596798132225,neutral
568910220644237312,negative
568919211357048832,positive
569679296572170240,neutral
569605942318231553,negative
569608570066436096,negative
567775140319358976,negative
569161748286083073,neutral
569603002278944768,positive
567715682918227970,negative
569199524629110784,negative
569869884164714498,negative
569655339135725568,neutral
568810700828741633,neutral
569641125243301888,negative
569606901325017090,neutral
569655861297049600,negative
568858899438178305,negative
567754504817606656,positive
569984229393637377,neutral
569672807715463168,negative
569656727995600896,negative
569552378812194816,neutral
568226026209341441,positive
567903883047088128,negative
568436081303158784,positive
569103591966793728,negative
569565328012763137,neutral
568360334609612801,neutral
570226164146397184,neutral
568808318560550912,positive
570250443034640384,positive
570279036582109184,positive
569598072923123712,neutral
569600137296633856,positive
569166368781635584,negative
569117839308800001,neutral
569171003852468224,positive
568827568973066240,positive
569759558777892864,negative
569687399426617344,negative
569746687805095936,negative
568889054286053377,neutral
570299824760860672,positive
569842929860263936,negative
567812841081688064,negative
568882601261273089,negative
569880012230242304,neutral
569638417505497088,negative
569504566380797952,negative
569647396940075008,negative
567845089508233217,neutral
569628172842479616,negative
570257107737571329,positive
570123495180410881,negative
570034833633767424,positive
568466550337875969,negative
569852112605089792,negative
567768156111126528,neutral
569289836995190784,negative
569596783011217408,negative
568169348721848322,neutral
567951376480907264,positive
567850746319753217,neutral
569995212296200192,negative
569724281334034432,negative
568531043805999104,neutral
569269594386526209,positive
569190811113525249,negative
568063182230724608,neutral
569682010270101504,negative
570296212336865283,neutral
568216196132302848,negative
569685747080372224,neutral
570056648137576449,negative
567805894885638144,neutral
569267207324246019,neutral
569491295766343681,negative
569285269981167616,negative
568883108377808896,neutral
570044019897556994,negative
569669059941261312,negative
569345829653254145,negative
567966853068251136,negative
568572753403650049,negative
569700397884928000,negative
568326927695491072,positive
569706336268611584,negative
568356065428918272,positive
570283851018317824,negative
569007629868998656,negative
570012047917907969,negative
569713993532600321,positive
569670523765960704,positive
570082420936052737,neutral
570271730729689088,negative
568122371854307328,neutral
569567167429128192,positive
570263889696305152,positive
569886288691773440,negative
570261328511643648,negative
570241221303468032,neutral
569855409567207424,negative
568351842217947136,negative
567817455234715649,neutral
569007103542587392,negative
569912888866906112,neutral
568031723004555264,negative
568977430439817216,neutral
569846853350457344,negative
569243676594941953,neutral
569616120866476032,negative
568812829324775428,negative
569526029859094528,negative
569248875825008640,negative
569975349750079488,negative
570104544622981122,negative
570169567374401536,neutral
569189285334618112,positive
568466895554408448,negative
568436693210173441,neutral
568392783922372608,neutral
568546837231042560,neutral
570270777121103872,negative
569528694613671936,negative
569632685318115329,negative
567851275599110144,negative
568895587900207104,neutral
569707569448558592,neutral
567826439392927744,positive
569651021175267332,negative
569159814426853376,negative
569654749055864832,negative
568845241526038528,negative
569342336158851074,negative
568267732556255232,neutral
567781176375803905,negative
568787210188812289,neutral
567770621451702273,neutral
568098115988918273,negative
570212050548461568,positive
569470757673291777,negative
567730704055037953,negative
570192751830171648,neutral
568148294087479296,negative
569489752732274688,neutral
568892047559503873,positive
569888159707738113,neutral
569646535215939585,positive
569685746723848193,neutral
568095863731433473,positive
568779110710964224,negative
568105765442945024,positive
568561033641480192,positive
569324647906480128,negative
568026425535516674,neutral
569668488408616960,negative
570289587794407425,negative
568132703738077185,neutral
569633166031511552,positive
568885556718907392,negative
567777885277405184,neutral
568962582934978562,positive
569219656482824192,negative
570261225520689152,neutral
569670904852172800,neutral
568917869762904066,negative
569613523648532480,negative
570267457841033216,positive
569622857120137216,negative
568451468560187393,neutral
570085837821632512,neutral
568047650945298432,negative
569279586921353216,neutral
569154879484235776,negative
569606926234824704,negative
569924676715220992,neutral
570101817041747968,negative
569600720254541824,negative
570269633778855936,negative
569939611650166785,positive
569076717689524224,negative
569645505950695424,positive
570300817074462722,negative
570279653337927680,positive
569942226224050176,negative
569604665240895488,negative
568947922731028480,negative
570280637946421249,negative
569871979739635712,negative
568579873926746112,positive
569216546779705344,neutral
569989252613689344,negative
568774932844261376,neutral
569606281998299137,negative
568622478081306624,negative
568527941723774976,negative
570294743684517888,negative
568050777744379904,positive
568825730718666754,negative
569704066760232960,negative
567860175740092416,negative
568839278681174016,neutral
570195668850995200,neutral
570290552169734144,neutral
569667324879511552,neutral
570203037823836160,negative
569018352464588800,neutral
570053482029277184,neutral
568217681838641152,positive
569846990076387328,negative
569609680961572866,negative
569678919307280384,neutral
568640713635676160,neutral
569876152036290560,positive
569484965055832065,negative
568627477259485185,negative
569870480993181698,negative
568770352635121664,negative
567845165781532672,negative
568633911959363586,neutral
567766384378388480,neutral
568630879246901248,neutral
569207193377107968,negative
570212047692161025,negative
569629100114989056,negative
568656014481846272,negative
570015432750399488,positive
568755688442191872,negative
570085644015419393,negative
569668310637404163,negative
567899010045988865,negative
568575335148580864,positive
569676204728389632,positive
569340402786025472,negative
570307948171423745,negative
569482278646124544,negative
569343882389016577,negative
569799402119770113,neutral
569884644893532161,negative
568919673548337152,negative
569843142830071808,positive
569580275182772225,negative
568473140654788609,negative
567814641918832640,neutral
569969714245431296,negative
569188967180058625,neutral
570293142257311744,negative
568239444500865025,positive
569107706302357504,negative
568358096290111489,positive
569919625640615936,negative
568602614839033856,negative
569661069913821184,negative
568495464015929344,neutral
569847223829307392,negative
568267340405542914,negative
570057178687475712,negative
568054702635483136,positive
567789902633664512,neutral
570006737190854656,negative
568058820376854528,neutral
570222660300378112,negative
569340200934969344,neutral
569573704902049793,neutral
568762437832478720,positive
568203369053077505,negative
569624299788750848,negative
569672330261106688,negative
568972562819997696,positive
568174139531513856,neutral
567895211575111680,neutral
569297162795937792,neutral
568440431454736384,negative
570128633957736448,negative
569639784819372032,neutral
569241834670698496,negative
567972416846217216,negative
569146504004415489,negative
569972884052930560,neutral
567788514952368129,positive
569428333500375040,negative
568147483269971969,negative
569887452384481280,neutral
567727490567639041,neutral
569232650965102592,negative
569153207148150785,negative
570041195113492480,negative
568558050635747328,negative
568071159285022720,negative
569849550032101377,negative
567846970141716481,neutral
568903193930764288,negative
570182972554371072,negative
569985299448795137,neutral
569690433996984320,negative
568614750508036096,negative
570273819287531520,positive
569853714149867521,negative
570302060035497984,negative
569777607371128834,positive
568216286561374208,negative
568457955223453696,negative
568562765654159361,negative
570280378193330180,negative
568558484653883392,neutral
568608982321012736,negative
569675979284721665,negative
569546858122616833,negative
570010703391825920,negative
569136050951622656,positive
568491094327078912,neutral
569936062039986176,negative
568239036533497856,positive
569602860020850688,negative
569329378061979648,negative
570070449406812160,negative
568942857123336193,positive
570011533205336064,negative
569264912695840768,positive
569974508435562496,negative
569531651732217857,neutral
568388625689235456,neutral
569543012914565126,neutral
567769620648828929,neutral
569627770613063680,negative
568778028773347329,negative
569263496560422912,positive
568170198433460224,negative
569977357055864832,negative
569593050235736064,neutral
569729732952109056,negative
567823459276877824,negative
569669174731153408,neutral
570290034009636865,neutral
569539287118692352,negative
569172176214962176,neutral
569525974284558338,neutral
567731546661326848,negative
568192942088843264,negative
568172398161354752,negative
570226143045033985,positive
568068513224654848,neutral
569329041544749056,neutral
569721813220995072,positive
568947313676148737,negative
568490726419517441,negative
568579880046227457,neutral
569325988921810945,negative
568201465958772736,positive
569518200410546176,positive
570264948548313088,positive
570232659282145280,neutral
569709246150893568,negative
568740200479793153,negative
569719693780496384,neutral
568671818262773760,positive
570002509906837504,neutral
568916674168135681,negative
569944956132990976,positive
569668448718073856,neutral
569191124373520384,negative
570219228181041153,negative
568453818335129601,neutral
569603529888788480,negative
570063450174464000,negative
568104985935753216,negative
567797327071838208,positive
569890741666717697,neutral
569588473050611712,positive
569343738331275264,negative
569719741906075648,negative
568148807684198401,positive
569924101080535042,neutral
568589127290998784,positive
569967938607972352,neutral
568894687911632896,neutral
570173181727674368,negative
569615753885970432,negative
569689297084919808,neutral
569668536966053888,negative
568264441906618368,positive
568920607347384321,positive
569710389757419520,negative
569666840370110465,neutral
569206447608877056,negative
570012549631975424,negative
568442492569456640,positive
569879600907440129,positive
568574614110117888,negative
569608328998887424,neutral
568112842261594112,positive
568463569458741248,negative
569135148660342784,negative
568478536715120640,neutral
570300262302289920,positive
569268155383717889,positive
568878244331696128,positive
567737617031380992,positive
569626703959494656,negative
568776728333541376,neutral
569512656274468864,negative
568955169183903745,negative
569905559652012032,negative
569647146712113152,negative
569672095753502720,neutral
569813808987787264,positive
569899836063019008,neutral
570307434113310720,negative
570115286289899520,neutral
569224171303145473,negative
569312077954854913,negative
568149287948967936,neutral
570257935911096320,positive
568697648028487680,positive
569869978217914368,negative
569244202225307648,neutral
569703802783145984,negative
568946758404808704,positive
568230620595417088,neutral
569143186439991296,negative
570307390752608257,negative
568916213130096640,neutral
569747706047934464,positive
568081386520723456,negative
568396913726382080,negative
569893140066213888,negative
567905267033055233,negative
569943700010172416,positive
570232494034964481,negative
570042186399657984,positive
568973617687625728,positive
569969447764566016,negative
569953507874373632,neutral
569938672935546880,negative
569952282277773312,negative
569158261301227520,negative
569578439797313536,negative
568365652597014528,neutral
569941617697644544,negative
569895618866315264,negative
567799665061576704,neutral
568487677114363904,positive
568962811772030976,negative
568995277580996609,negative
569884616649269248,neutral
569691858365915136,negative
569904589010575360,negative
567923103080275968,negative
569705786408079360,negative
569622389920641024,negative
569676450552537088,neutral
568395094232932352,neutral
568636973964898305,negative
568157856576475136,positive
568109565796958209,negative
568597968405835776,neutral
570043820278050817,neutral
567778921812389888,positive
569715233549369344,negative
568945265899483136,negative
569689239136423936,negative
568624487031132162,negative
570199974719455232,negative
569670671695011840,neutral
567778498723737600,negative
568002085888897025,negative
568258545772335104,neutral
569829233423360000,neutral
569923525508665344,neutral
569332773326090240,negative
568412555045179393,neutral
569275580543320064,negative
567806872410161152,neutral
568826365878730753,negative
569598915722518528,negative
569854492126146560,negative
569970518381744128,negative
568654300802473985,positive
568694278890901504,neutral
570257660123193345,negative
569705563287896064,positive
569586372866150400,negative
569537708202307584,negative
569248843532886016,positive
567737554087059457,neutral
568904155332354050,negative
569933879299186688,negative
568855468975759360,positive
569723768773349376,neutral
570070928425676800,neutral
568870144891600896,negative
569652631938985984,negative
567905194563997696,negative
568282478076669952,neutral
569311060903268352,negative
567791019086065664,positive
569622618195652608,positive
569864689452077058,neutral
568178151173562368,negative
568809617087696897,negative
569917765676601344,negative
569890099917246464,positive
568829906584346624,negative
569631775766368256,neutral
569635291490693120,positive
569651818453708800,negative
567739785406873601,positive
567623209026334720,negative
569873664612704256,positive
570245402982785024,negative
568673970251116544,negative
569710365770182656,negative
570258040609337344,neutral
568266994069295105,neutral
570157409458642944,negative
568210928484913152,neutral
568906503358259200,neutral
569178210325430272,negative
568178085415092226,negative
567876244722814976,neutral
569797465416683521,neutral
569987452334690305,negative
570265626146512896,neutral
569652510794887168,negative
569605928636407808,negative
569968282532315136,positive
567724266045837313,negative
569890211301191680,neutral
568180264914051072,positive
570020117284724737,positive
569937891788505088,neutral
569664787946164224,negative
569988078015815680,neutral
569940834994401280,positive
567724950556258304,negative
568846754701058048,neutral
568055996884619264,neutral
568157634999783424,neutral
569843749230133248,negative
569889846472409088,neutral
570306260010176512,negative
568781450146787328,negative
570286841737318400,negative
568499953041080321,positive
567872044030918657,negative
570101910402940928,positive
568911851674836992,neutral
569349274049368064,neutral
569909756493746176,negative
569229142597771265,negative
567880908528832513,positive
567851352249868288,neutral
570071350133579776,negative
570275450200711168,neutral
569113328724807680,neutral
569312129456545792,negative
567830627219939328,negative
569206183283843072,negative
568141111601926145,neutral
570036538488139776,positive
569651277916999680,negative
568032561462689793,neutral
567797906977083392,neutral
569266679903080448,negative
569684138304741377,negative
569925990283145216,neutral
570069236971806720,negative
567769798831255552,negative
567829997668470785,neutral
569500787849728001,negative
570085165378068480,negative
569984789798899712,positive
570282089863626752,negative
570226414525542400,neutral
567933117610074113,negative
569727223990775808,negative
567874858815733761,negative
568821349688471552,neutral
568052354525696000,neutral
568760866088337409,negative
567735983370539008,negative
569223788639821824,negative
568752875205238784,negative
569598544379817984,neutral
567892508987908096,neutral
568044626654806016,negative
567724178317402112,neutral
569692610543005697,negative
568656758027063296,neutral
569777329330884608,neutral
569660740396720128,negative
568176529584173056,negative
569956742122983424,negative
569579478168547328,negative
570091033368899584,negative
569258945254191104,negative
568094548141977600,positive
570287303681294337,positive
568095623875964928,neutral
569485322431696896,negative
568449164951953408,positive
569083132353204224,neutral
568187636449472513,negative
568963494390820864,negative
569940685757014016,negative
569946012988669954,negative
570179455911481344,negative
568490310524936192,positive
568944096687075329,negative
569346870423769088,neutral
569300959911768064,negative
568702964623216643,positive
568526386249351168,neutral
569514168576974848,negative
569998992475627521,neutral
568136946016522240,negative
567918931148685312,negative
569957240960094209,neutral
568193347216474112,positive
568983296018751491,negative
567873196730421248,neutral
568299906466762752,neutral
569654709964836865,negative
569261989735718914,negative
569324558999691264,neutral
569635428237778944,neutral
568064842466250752,negative
567803969235390464,positive
569879818063507457,negative
569877622869663744,positive
570225899964129281,positive
569770363623575552,positive
569169274109100032,negative
568174745293709313,neutral
569877301959065600,negative
569696039914971136,positive
568971304914853889,negative
570204972589002752,negative
569923507263557632,neutral
570086014980648960,negative
569895082402295810,negative
567725170367148034,negative
570232477618442241,negative
570308064185880577,neutral
570060272049778688,negative
567923361256460288,negative
570265811623002112,negative
569989043456380928,negative
569724186173640705,negative
569180856423567361,neutral
570297070998974464,positive
568636474637357056,negative
569962245620248576,negative
569853568200503296,neutral
568529886920335360,neutral
568613245839224832,neutral
570281854139572225,positive
568900079962075137,neutral
569870819582586880,positive
569591456190504961,neutral
570284862122233856,positive
570048528602374144,negative
569699455919726593,negative
569692936880791552,negative
569918449121673216,negative
568115829616861184,neutral
569908628141920256,negative
569428644432617473,positive
568054666216509441,negative
567874970463780864,positive
568602941940043776,positive
568840247657820160,negative
570056533356224512,negative
569473302940372992,positive
568028183267639297,neutral
568085705479618560,negative
569902181366820864,negative
567701830805618688,positive
570304544128815104,negative
568088967419023360,negative
568631243228762112,neutral
570063224328081408,negative
